time,seconds_elapsed,steps
1759925725878711800,12.1187119140625,6
1759925728439745800,14.679745849609375,7
1759925731000777700,17.24077783203125,7
1759925733561812000,19.80181201171875,7
1759925769416660700,55.65666064453125,7
1759925771977699300,58.21769921875,16
1759925774538733800,60.77873388671875,18
1759925777099763700,63.339763671875,18
1759925779660792800,65.90079272460937,18
1759925782221819600,68.46181958007813,18
1759925882100291800,168.34029174804687,18
1759925884661270000,170.90127001953124,18
1759925887222244600,173.46224462890626,18
1759925889783230200,176.02323022460936,18
1759925892344224000,178.58422412109374,18
1759925894905237800,181.14523779296874,18
1759925897466266600,183.7062666015625,18
1759925900027309000,186.26730908203126,18
1759926286752296000,572.9922958984375,18
1759926289313439000,575.5534389648437,28
1759926291874587600,578.1145876464843,30
1759926294435725300,580.6757253417969,30
1759926296996873700,583.2368737792968,30
1759926299558046700,585.7980466308594,30
1759926302119239700,588.3592397460937,33
1759926304680451300,590.9204514160157,33
1759926307241662000,593.4816618652344,33
1759926309802869200,596.042869140625,33
1759926312364081400,598.6040812988281,33
1759926314925299700,601.1652998046875,33
1759926317486522600,603.7265227050781,33
1759926509581603000,795.8216030273437,33
1759926512142701000,798.382701171875,33
1759926514703796700,800.9437966308594,33
1759926517264882700,803.5048825683593,33
1759926519825970700,806.065970703125,33
1759926522387054300,808.6270544433594,33
1759926524948136400,811.1881364746093,33
1759926527509217300,813.7492172851563,33
1759926530070294000,816.3102939453125,33
1759926532631383600,818.8713835449219,33
1759926535192477400,821.4324775390625,33
1759926637644905200,923.8849052734375,33
1759926640206198800,926.4461987304687,41
1759926642767493400,929.0074934082031,41
1759926645328790500,931.5687905273437,41
1759926647890086100,934.1300861816406,41
1759926855344939800,1141.5849396972656,41
1759926857906279700,1144.1462797851561,49
1759926860467629000,1146.7076291503906,49
1759926863028970200,1149.2689702148436,49
1759926865590308000,1151.8303081054687,49
1759926868151646000,1154.3916459960938,49
1759926870712979000,1156.9529790039062,49
1759926873274310700,1159.514310546875,49
1759926875835634400,1162.0756345214843,49
1759926878396950300,1164.6369501953125,53
1759926880958258000,1167.1982578125,53
1759926883519560400,1169.759560546875,53
1759926886080862000,1172.320862060547,53
1759926888642155500,1174.8821555175782,53
1759926891203445500,1177.4434455566407,64
1759926893764741400,1180.0047414550781,64
1759926896326043600,1182.5660437011718,69
1759926898887342300,1185.1273422851561,74
1759926901448631300,1187.6886313476562,77
1759926904009906000,1190.2499060058594,77
1759926906571181300,1192.8111813964845,81
1759926909132455000,1195.3724548339844,85
1759926911693724200,1197.9337241210937,90
1759926914254987300,1200.4949873046876,95
1759926916816248000,1203.056248046875,100
1759926919377497000,1205.6174970703125,106
1759926921938745900,1208.1787458496094,111
1759926924499995400,1210.739995361328,116
1759926927061259300,1213.3012592773437,120
1759926929622540300,1215.862540283203,123
1759926932183837400,1218.4238374023437,123
1759926939867731200,1226.1077312011719,123
1759926942429021400,1228.669021484375,123
1759926983409206000,1269.6492060546875,123
1759926985970526700,1272.210526611328,123
1759926988531850800,1274.7718508300782,129
1759926991093174000,1277.3331740722656,134
1759926993654499600,1279.8944995117188,140
1759926996215834000,1282.4558342285156,145
1759926998777161000,1285.017160888672,151
1759927001338483500,1287.5784833984376,156
1759927003899792600,1290.1397927246094,161
1759927006461091800,1292.701091796875,167
1759927009022378000,1295.2623779296875,172
1759927011583650600,1297.8236506347657,178
1759927014144910800,1300.3849108886718,183
1759927016706161400,1302.9461613769531,189
1759927019267402800,1305.5074028320312,194
1759927021828628500,1308.0686284179687,200
1759927024389839600,1310.6298395996093,205
1759927026951047000,1313.191046875,211
1759927029512248300,1315.7522482910156,216
1759927032073438700,1318.313438720703,222
1759927034634616800,1320.8746169433593,227
1759927037195789000,1323.4357890625,233
1759927039756956200,1325.9969560546874,238
1759927042318115000,1328.5581149902343,243
1759927044879266300,1331.1192663574218,249
1759927047440412400,1333.6804123535155,254
1759927050001552100,1336.2415522460938,260
1759927052562685400,1338.802685546875,265
1759927055123813000,1341.3638132324218,271
1759927057684936000,1343.9249360351562,276
1759927060246053400,1346.4860534667969,282
1759927062807167500,1349.0471674804687,287
1759927065368276000,1351.6082758789062,293
1759927067929386200,1354.1693862304687,298
1759927070490485800,1356.7304858398438,304
1759927073051583700,1359.2915837402343,309
1759927075612679000,1361.852678955078,314
1759927078173773300,1364.4137731933595,319
1759927080734861800,1366.9748618164062,324
1759927083295953200,1369.535953125,329
1759927085857032000,1372.0970319824219,335
1759927088418111200,1374.658111328125,340
1759927090979189200,1377.2191892089843,345
1759927093540262700,1379.7802626953126,350
1759927096101335600,1382.3413354492188,355
1759927098662408200,1384.902408203125,360
1759927101223478300,1387.4634782714843,365
1759927103784546300,1390.0245463867188,371
1759927106345612000,1392.585612060547,376
1759927108906676200,1395.1466762695313,381
1759927111467737300,1397.7077373046875,386
1759927114028793600,1400.268793701172,392
1759927116589855200,1402.8298552246094,397
1759927119150904000,1405.3909040527344,402
1759927121711956000,1407.9519560546876,407
1759927124273003500,1410.5130034179688,413
1759927126834041000,1413.074041015625,418
1759927129395076400,1415.6350764160156,423
1759927131956115700,1418.1961157226563,428
1759927134517145900,1420.7571457519532,433
1759927137078180400,1423.3181804199219,438
1759927139639215600,1425.8792155761719,444
1759927142200256500,1428.440256591797,449
1759927144761311700,1431.001311767578,454
1759927147322380500,1433.5623806152344,459
1759927149883459600,1436.1234594726564,465
1759927152444541400,1438.6845415039063,470
1759927155005625000,1441.245625,475
1759927157566711800,1443.8067119140626,480
1759927160127804700,1446.3678046875,486
1759927162688887600,1448.928887451172,491
1759927165249972700,1451.48997265625,496
1759927167811055600,1454.0510556640625,501
1759927170372136200,1456.6121362304686,506
1759927172933215700,1459.1732158203124,511
1759927175494297300,1461.7342973632813,516
1759927178055369500,1464.2953693847655,522
1759927180616442000,1466.8564421386718,527
1759927183177513500,1469.4175134277343,532
1759927185738582500,1471.9785825195313,537
1759927188299648800,1474.5396486816405,542
1759927190860713500,1477.1007133789062,547
1759927193421777000,1479.6617768554688,547
1759927195982838300,1482.2228383789063,552
1759927198543903000,1484.7839030761718,557
1759927201104977700,1487.3449777832031,562
1759927203666052900,1489.9060529785156,567
1759927206227134500,1492.4671345214845,571
1759927208788222200,1495.0282221679688,576
1759927211349317000,1497.589317138672,580
1759927213910414000,1500.1504140625,583
1759927216471516700,1502.7115166015626,588
1759927219032620500,1505.2726206054688,593
1759927221593731800,1507.8337319335938,598
1759927224154848000,1510.3948479003907,602
1759927226715978500,1512.955978515625,607
1759927229277101600,1515.5171015625,612
1759927231838229500,1518.0782294921876,616
1759927234399362000,1520.6393620605468,621
1759927236960492500,1523.2004924316407,625
1759927239521626000,1525.7616262207032,630
1759927242082755300,1528.3227553710938,635
1759927244643890700,1530.883890625,639
1759927247205028900,1533.4450288085939,644
1759927249766170000,1536.0061701660156,649
1759927252327311600,1538.5673115234374,653
1759927254888455400,1541.1284553222656,658
1759927257449599000,1543.6895988769531,663
1759927260010745600,1546.2507456054686,668
1759927262571895000,1548.8118950195312,672
1759927265133049600,1551.3730495605469,674
1759927267694201000,1553.934201171875,674
1759927270255367200,1556.4953671875,674
1759927272816546000,1559.056546142578,674
1759927275377727500,1561.6177275390626,674
1759927277938929700,1564.1789296875,674
1759927285622568700,1571.8625686035157,674
1759927288183791600,1574.4237915039062,674
1759927290745015000,1576.9850151367189,679
1759927293306240000,1579.5462399902344,685
1759927295867467800,1582.1074677734375,689
1759927298428693800,1584.6686938476562,693
1759927300989921000,1587.2299211425782,693
1759927303551151600,1589.7911516113281,693
1759927306112386800,1592.35238671875,693
1759927308673612500,1594.913612548828,693
1759927311234838000,1597.4748381347656,693
1759927334285527000,1620.5255270996095,693
1759927336846712600,1623.0867126464843,705
1759927339407898400,1625.6478984375,710
1759927341969087200,1628.2090871582031,716
1759927344530272000,1630.7702719726562,721
1759927347091455500,1633.3314555664062,726
1759927349652631800,1635.8926318359374,732
1759927352213803300,1638.4538032226562,737
1759927354774966300,1641.0149663085938,743
1759927357336125000,1643.576125,748
1759927359897268700,1646.137268798828,753
1759927362458410200,1648.69841015625,759
1759927365019544000,1651.2595439453125,764
1759927367580676400,1653.8206762695313,769
1759927370141794600,1656.3817946777344,775
1759927372702909000,1658.942908935547,780
1759927375264018200,1661.5040180664062,785
1759927377825122600,1664.0651225585937,790
1759927380386229200,1666.626229248047,796
1759927382947321300,1669.1873212890625,801
1759927385508412000,1671.7484118652344,806
1759927388069501200,1674.3095012207032,812
1759927390630582800,1676.8705827636718,817
1759927393191663400,1679.4316633300782,822
1759927395752739800,1681.9927397460938,828
1759927398313813500,1684.5538134765625,833
1759927400874886000,1687.114885986328,838
1759927403435954200,1689.6759541015624,844
1759927405997021000,1692.2370209960939,849
1759927408558088000,1694.798087890625,854
1759927411119145500,1697.3591455078124,860
1759927413680204000,1699.9202041015626,865
1759927416241259000,1702.481259033203,870
1759927418802317600,1705.042317626953,875
1759927421363370000,1707.6033698730469,880
1759927423924423200,1710.1644230957031,885
1759927426485475600,1712.7254755859376,891
1759927429046525400,1715.286525390625,895
1759927431607573800,1717.8475737304686,900
1759927434168621300,1720.4086213378907,905
1759927436729668400,1722.9696684570313,910
1759927439290713900,1725.5307138671874,916
1759927441851765500,1728.091765625,921
1759927444412824600,1730.6528244628905,926
1759927446973891000,1733.2138911132813,931
1759927449534964000,1735.7749638671876,936
1759927452096041700,1738.336041748047,942
1759927454657120300,1740.8971203613282,947
1759927457218199000,1743.4581989746093,952
1759927459779277600,1746.0192775878907,957
1759927462340352500,1748.5803525390625,962
1759927464901426400,1751.1414265136718,967
1759927467462502000,1753.702501953125,972
1759927470023581000,1756.263580810547,978
1759927472584664300,1758.8246643066407,983
1759927475145742000,1761.3857421875,988
1759927477706817800,1763.9468178710938,993
1759927480267897900,1766.5078979492187,999
1759927482828968000,1769.068968017578,1004
1759927485390040300,1771.630040283203,1009
1759927487951111000,1774.1911108398438,1015
1759927490512182800,1776.752182861328,1020
1759927493073252600,1779.3132526855468,1025
1759927495634321700,1781.8743217773438,1031
1759927498195395000,1784.4353950195311,1036
1759927500756460000,1786.9964599609375,1041
1759927503317529000,1789.5575290527345,1046
1759927505878601500,1792.1186015625,1052
1759927508439679700,1794.6796796875,1057
1759927511000769500,1797.24076953125,1062
1759927513561865500,1799.8018654785155,1067
1759927516122967300,1802.3629672851562,1072
1759927518684073000,1804.9240729980468,1077
1759927521245179100,1807.4851791992187,1083
1759927523806283000,1810.0462829589844,1088
1759927526367384300,1812.6073842773437,1093
1759927528928483800,1815.1684838867188,1098
1759927531489579800,1817.7295798339844,1104
1759927534050672000,1820.2906721191407,1109
1759927536611759900,1822.851759765625,1115
1759927539172843800,1825.41284375,1120
1759927541733924000,1827.9739240722656,1125
1759927544294999600,1830.5349995117188,1130
1759927546856075500,1833.0960754394532,1136
1759927549417148700,1835.6571486816406,1141
1759927551978221000,1838.2182209472655,1146
1759927554539282000,1840.779281982422,1148
1759927557100342800,1843.3403427734374,1151
1759927559661406500,1845.9014064941407,1156
1759927562222481700,1848.4624816894532,1161
1759927564783578600,1851.0235786132812,1166
1759927567344708900,1853.584708984375,1171
1759927569905862400,1856.1458623046874,1176
1759927572467044600,1858.7070446777343,1181
1759927575028247600,1861.2682475585937,1186
1759927577589473300,1863.8294733886719,1191
1759927580150718700,1866.39071875,1196
1759927582711995600,1868.9519956054687,1202
1759927585273287700,1871.5132875976562,1207
1759927587834604300,1874.0746042480469,1211
1759927590395948800,1876.6359487304687,1217
1759927592957302500,1879.1973024902343,1222
1759927595518661000,1881.7586611328124,1225
1759927598080017200,1884.3200170898438,1226
1759927600641358300,1886.8813583984374,1226
1759927603202693600,1889.4426936035156,1226
1759927605764038100,1892.0040380859375,1226
1759927608325385200,1894.5653852539062,1226
1759927610886757400,1897.1267573242187,1226
1759927613448151000,1899.688151123047,1226
1759927616009560000,1902.2495600585937,1226
1759927618570987300,1904.8109873046874,1226
1759927628816796400,1915.0567963867188,1226
1759927631378291200,1917.6182912597656,1235
1759927633939805700,1920.1798056640625,1240
1759927636501320000,1922.7413198242189,1245
1759927639062840000,1925.3028400878907,1245
1759927641624364800,1927.8643647460938,1251
1759927644185903400,1930.4259033203125,1256
1759927646747439400,1932.987439453125,1261
1759927649308978400,1935.548978515625,1267
1759927651870525400,1938.110525390625,1272
1759927654432080600,1940.6720805664063,1277
1759927656993628000,1943.2336279296876,1282
1759927659555150000,1945.7951501464843,1288
1759927662116657200,1948.3566572265624,1293
1759927664678145500,1950.9181455078126,1298
1759927667239612700,1953.4796127929687,1303
1759927669801062100,1956.0410622558593,1309
1759927672362490400,1958.6024904785156,1314
1759927674923895800,1961.163895751953,1319
1759927677485283300,1963.7252834472656,1325
1759927680046654200,1966.286654296875,1330
1759927682608006400,1968.8480063476563,1335
1759927685169340200,1971.4093400878905,1340
1759927687730656300,1973.97065625,1345
1759927690291955500,1976.5319555664062,1349
1759927692853240800,1979.0932407226562,1354
1759927695414514200,1981.6545141601562,1359
1759927697975774700,1984.2157746582031,1364
1759927700537027800,1986.7770278320313,1369
1759927703098265000,1989.3382651367187,1374
1759927705659489300,1991.8994892578125,1379
1759927708220708600,1994.4607084960937,1384
1759927710781920500,1997.0219204101563,1390
1759927713343122200,1999.5831220703126,1394
1759927715904312300,2002.1443122558594,1400
1759927718465491700,2004.7054916992188,1405
1759927721026666800,2007.2666667480469,1410
1759927723587834600,2009.8278347167968,1415
1759927726148989000,2012.3889890136718,1421
1759927728710141200,2014.9501411132812,1426
1759927731271286800,2017.5112868652343,1431
1759927733832428000,2020.0724279785156,1436
1759927736393563400,2022.6335634765626,1442
1759927738954692600,2025.1946926269532,1447
1759927741515818200,2027.755818359375,1452
1759927744076937700,2030.3169377441407,1457
1759927746638051000,2032.8780510253907,1462
1759927749199163000,2035.4391628417968,1468
1759927751760271600,2038.0002717285156,1473
1759927754321375700,2040.5613757324218,1478
1759927756882476800,2043.1224768066406,1483
1759927759443575800,2045.6835759277344,1489
1759927762004668700,2048.244668701172,1494
1759927764565760500,2050.8057604980468,1499
1759927767126847200,2053.366847167969,1504
1759927769687930600,2055.9279306640624,1509
1759927772249010700,2058.4890107421875,1514
1759927774810092800,2061.0500927734374,1519
1759927777371176700,2063.6111767578127,1524
1759927779932251400,2066.1722514648436,1529
1759927782493324800,2068.7333247070314,1534
1759927785054397200,2071.294397216797,1539
1759927787615469000,2073.8554689941407,1544
1759927790176537000,2076.416537109375,1549
1759927792737597000,2078.977596923828,1554
1759927795298657500,2081.538657470703,1559
1759927797859718000,2084.0997177734375,1560
1759927800420786000,2086.660785888672,1560
1759927802981864000,2089.221864013672,1560
1759927805542955800,2091.782955810547,1560
1759927808104062000,2094.344062011719,1560
1759927810665175600,2096.9051755371092,1560
1759927874693328400,2160.933328369141,1560
1759927877254422800,2163.4944228515624,1568
1759927879815526000,2166.0555258789063,1573
1759927882376641800,2168.6166418457033,1579
1759927884937769500,2171.17776953125,1584
1759927887498902800,2173.7389028320313,1588
1759927890060040000,2176.3000400390624,1593
1759927892621167600,2178.8611677246095,1599
1759927895182302500,2181.4223024902344,1604
1759927897743436300,2183.9834362792967,1609
1759927900304573200,2186.5445732421877,1614
1759927902865698800,2189.1056987304687,1619
1759927905426821600,2191.6668215332033,1625
1759927907987941600,2194.2279416503907,1630
1759927910549061600,2196.7890615234373,1635
1759927913110179800,2199.3501799316405,1640
1759927915671303000,2201.911302978516,1645
1759927918232422700,2204.472422607422,1651
1759927920793552400,2207.0335524902343,1656
1759927923354679600,2209.5946794433594,1661
1759927925915805200,2212.155805175781,1666
1759927928476917800,2214.716917724609,1672
1759927931038025700,2217.2780256347655,1677
1759927933599124500,2219.8391245117186,1682
1759927936160213500,2222.400213623047,1687
1759927938721293600,2224.9612934570314,1693
1759927941282365700,2227.522365722656,1698
1759927943843420400,2230.083420410156,1703
1759927946404474400,2232.6444743652346,1709
1759927948965512000,2235.205511962891,1714
1759927951526546400,2237.766546386719,1719
1759927954087571200,2240.3275712890627,1724
1759927956648589600,2242.8885895996095,1729
1759927959209602600,2245.4496025390627,1734
1759927961770619400,2248.0106193847655,1739
1759927964331635200,2250.571635253906,1744
1759927966892664000,2253.1326640625,1749
1759927969453700000,2255.6937001953124,1754
1759927972014739000,2258.254739013672,1757
1759927974575779300,2260.815779296875,1757
1759927977136824300,2263.37682421875,1757
1759927982258890800,2268.4988908691407,1757
1759927984819913000,2271.059912841797,1757
1759928007869275600,2294.1092756347657,1757
1759928010430375400,2296.670375488281,1766
1759928012991487500,2299.231487548828,1772
1759928015552631300,2301.7926313476564,1776
1759928018113799200,2304.3537990722657,1781
1759928020674969900,2306.914969970703,1786
1759928023236153600,2309.476153564453,1790
1759928025797342200,2312.0373422851562,1794
1759928028358530300,2314.5985302734375,1799
1759928030919713500,2317.159713623047,1804
1759928033480888600,2319.720888671875,1809
1759928036042059800,2322.282059814453,1814
1759928038603212300,2324.843212402344,1819
1759928041164356400,2327.4043564453127,1824
1759928043725489000,2329.9654890136717,1830
1759928046286608100,2332.526608154297,1835
1759928048847715300,2335.087715332031,1840
1759928051408810500,2337.648810546875,1845
1759928053969896000,2340.2098959960936,1850
1759928056530966000,2342.770966064453,1855
1759928059092021500,2345.332021484375,1861
1759928061653064700,2347.893064697266,1866
1759928064214097400,2350.454097412109,1871
1759928066775122700,2353.0151228027344,1876
1759928069336147700,2355.5761477050783,1881
1759928071897166800,2358.137166748047,1886
1759928074458179000,2360.698178955078,1891
1759928077019182000,2363.259182128906,1897
1759928079580184600,2365.8201845703124,1902
1759928082141183200,2368.3811833496093,1907
1759928084702182700,2370.9421826171874,1912
1759928087263190800,2373.503190673828,1917
1759928089824209200,2376.0642092285157,1922
1759928092385232600,2378.6252326660156,1928
1759928094946261000,2381.1862609863283,1933
1759928097507289300,2383.7472893066406,1938
1759928100068317200,2386.308317138672,1943
1759928102629342500,2388.869342529297,1948
1759928105190371800,2391.4303718261717,1953
1759928107751403300,2393.9914033203127,1958
1759928110312434700,2396.5524345703125,1963
1759928112873453800,2399.113453857422,1968
1759928115434473000,2401.674472900391,1974
1759928117995488800,2404.2354887695315,1979
1759928120556501000,2406.7965009765626,1983
1759928123117512700,2409.3575126953124,1989
1759928125678511000,2411.9185109863283,1994
1759928128239509000,2414.479509033203,1999
1759928130800502000,2417.040501953125,2005
1759928133361491200,2419.6014912109376,2010
1759928135922475300,2422.162475341797,2015
1759928138483454500,2424.723454345703,2020
1759928141044429800,2427.2844299316407,2025
1759928143605400300,2429.845400390625,2030
1759928146166370300,2432.4063703613283,2034
1759928148727328300,2434.9673283691404,2038
1759928151288284400,2437.528284423828,2038
1759928153849241900,2440.0892419433594,2038
1759928156410207700,2442.650207763672,2048
1759928158971190500,2445.2111904296876,2053
1759928161532202200,2447.7722021484374,2058
1759928164093221600,2450.3332216796875,2063
1759928166654254800,2452.8942548828127,2068
1759928169215308300,2455.4553083496094,2072
1759928171776372500,2458.016372558594,2077
1759928174337445400,2460.5774453125,2082
1759928176898516200,2463.138516113281,2086
1759928179459596800,2465.6995966796876,2091
1759928182020679000,2468.260678955078,2096
1759928184581758000,2470.8217580566406,2101
1759928187142834700,2473.382834716797,2105
1759928189703908900,2475.943908935547,2110
1759928192264978000,2478.504978027344,2115
1759928194826036500,2481.066036376953,2120
1759928197387089200,2483.627089111328,2125
1759928199948134100,2486.188134033203,2130
1759928202509173500,2488.7491735839844,2134
1759928205070215000,2491.31021484375,2139
1759928207631246000,2493.87124609375,2144
1759928210192280800,2496.4322807617186,2148
1759928212753303600,2498.993303466797,2153
1759928215314333200,2501.5543332519533,2158
1759928217875350500,2504.1153505859374,2163
1759928220436368000,2506.676367919922,2168
1759928222997383000,2509.2373828125,2172
1759928225558383600,2511.7983835449218,2177
1759928228119379500,2514.359379394531,2182
1759928230680367900,2516.920367919922,2186
1759928233241349600,2519.481349609375,2191
1759928235802327300,2522.042327392578,2196
1759928238363299800,2524.6032998046876,2201
1759928240924264400,2527.164264404297,2206
1759928243485229600,2529.7252294921873,2211
1759928246046187800,2532.2861877441405,2215
1759928248607141400,2534.847141357422,2220
1759928251168094000,2537.4080939941405,2225
1759928253729045500,2539.9690454101565,2230
1759928256289991000,2542.529990966797,2235
1759928258850935000,2545.090935058594,2237
1759928261411886600,2547.6518864746095,2241
1759928263972833300,2550.2128332519533,2246
1759928266533778200,2552.7737780761718,2251
1759928269094723800,2555.334723876953,2256
1759928271655676000,2557.8956760253905,2261
1759928274216637400,2560.456637451172,2266
1759928276777599200,2563.0175991210936,2271
1759928279338559200,2565.5785593261717,2277
1759928281899525000,2568.139525146484,2281
1759928284460497700,2570.7004975585937,2287
1759928287021463800,2573.2614638671876,2292
1759928289582433800,2575.8224338378905,2297
1759928292143403000,2578.383403076172,2302
1759928294704367400,2580.944367431641,2307
1759928297265325600,2583.5053256835936,2313
1759928299826275800,2586.0662758789063,2318
1759928302387217400,2588.627217529297,2323
1759928304948151000,2591.1881511230467,2328
1759928307509076700,2593.7490766601563,2333
1759928310069994500,2596.3099943847656,2338
1759928312630907600,2598.8709077148437,2343
1759928315191808500,2601.43180859375,2349
1759928317752705000,2603.992705078125,2354
1759928320313597700,2606.55359765625,2359
1759928322874484000,2609.114483886719,2364
1759928325435365600,2611.6753657226564,2369
1759928327996243500,2614.2362434082033,2374
1759928330557120500,2616.7971206054685,2379
1759928333117991400,2619.3579914550783,2384
1759928335678855000,2621.918854980469,2390
1759928338239727000,2624.479727050781,2395
1759928340800591400,2627.040591308594,2400
1759928343361462000,2629.6014619140624,2405
1759928345922324200,2632.16232421875,2410
1759928348483185400,2634.7231853027342,2415
1759928351044049000,2637.284048828125,2420
1759928353604911900,2639.8449118652343,2425
1759928356165780000,2642.4057800292967,2431
1759928358726660600,2644.966660644531,2435
1759928361287545000,2647.5275451660154,2441
1759928363848443000,2650.088442871094,2446
1759928366409352000,2652.649352050781,2451
1759928368970257000,2655.2102568359373,2456
1759928371531167000,2657.7711669921873,2461
1759928374092076300,2660.332076171875,2466
1759928376652982300,2662.892982177734,2471
1759928379213883400,2665.4538833007814,2477
1759928381774780200,2668.0147802734373,2482
1759928384335671800,2670.575671875,2487
1759928386896561400,2673.1365615234376,2492
1759928389457450800,2675.6974506835936,2497
1759928392018328000,2678.258328125,2502
1759928394579205000,2680.819205078125,2507
1759928397140083200,2683.3800832519532,2513
1759928399700950800,2685.9409506835937,2518
1759928402261818000,2688.5018181152345,2523
1759928404822681300,2691.0626813964845,2528
1759928407383548200,2693.623548095703,2533
1759928409944403500,2696.184403564453,2538
1759928412505260000,2698.745260009766,2543
1759928415066114000,2701.306114013672,2548
1759928417626966000,2703.866966064453,2548
1759928420187820500,2706.4278205566407,2553
1759928422748667100,2708.988667236328,2558
1759928425309516800,2711.5495168457032,2563
1759928427870372400,2714.1103723144533,2568
1759928430431220200,2716.6712202148437,2573
1759928432992073000,2719.232072998047,2578
1759928435552921900,2721.792921875,2583
1759928438113775600,2724.3537756347655,2587
1759928440674620700,2726.914620605469,2592
1759928443235472100,2729.4754721679687,2597
1759928445796311800,2732.036311767578,2603
1759928448357156900,2734.597156982422,2608
1759928450917999400,2737.157999267578,2612
1759928453478837800,2739.718837646484,2618
1759928456039675600,2742.2796755371096,2623
1759928458600507100,2744.840507080078,2628
1759928461161342700,2747.4013427734376,2633
1759928463722177000,2749.962177001953,2638
1759928466283011300,2752.523011230469,2643
1759928468843843000,2755.083843017578,2648
1759928471404669000,2757.6446689453123,2654
1759928473965491000,2760.205490966797,2659
1759928476526313700,2762.7663137207032,2664
1759928479087143400,2765.327143310547,2668
1759928481647969300,2767.887969238281,2674
1759928484208796000,2770.4487958984373,2679
1759928486769617700,2773.009617675781,2685
1759928489330439700,2775.5704396972656,2690
1759928491891261400,2778.1312614746093,2695
1759928494452086800,2780.692086669922,2700
1759928497012917500,2783.2529174804686,2705
1759928499573754400,2785.8137543945313,2710
1759928502134603000,2788.3746030273437,2715
1759928504695461600,2790.935461669922,2721
1759928507256330800,2793.496330810547,2726
1759928509817206000,2796.0572060546874,2731
1759928512378082000,2798.61808203125,2736
1759928514938962700,2801.1789626464843,2741
1759928517499838500,2803.7398383789064,2745
1759928520060710100,2806.3007102050783,2750
1759928522621583000,2808.8615830078124,2755
1759928525182453200,2811.422453369141,2760
1759928527743320300,2813.9833203125,2765
1759928530304185000,2816.544185058594,2770
1759928532865047300,2819.1050473632813,2775
1759928535425911600,2821.6659116210935,2780
1759928537986771000,2824.226770996094,2785
1759928540547631900,2826.7876318359376,2790
1759928543108491000,2829.348490966797,2795
1759928545669349600,2831.909349609375,2800
1759928548230210000,2834.4702099609376,2805
1759928550791076000,2837.031076171875,2811
1759928553351940000,2839.5919401855467,2816
1759928555912802300,2842.152802246094,2821
1759928558473665800,2844.7136657714846,2826
1759928561034520300,2847.274520263672,2830
1759928563595376400,2849.8353764648436,2836
1759928566156234000,2852.3962338867186,2841
1759928568717099800,2854.9570998535155,2846
1759928571277980400,2857.51798046875,2851
1759928573838867700,2860.078867675781,2855
1759928576399761200,2862.6397612304686,2860
1759928578960657700,2865.2006577148436,2865
1759928581521560300,2867.7615603027343,2869
1759928584082455600,2870.3224555664065,2871
1759928586643358500,2872.8833583984374,2871
1759928589204272400,2875.4442724609376,2871
1759928591765186300,2878.005186279297,2871
1759928594326115600,2880.5661154785157,2871
1759928596887057700,2883.1270576171873,2883
1759928599448014800,2885.688014892578,2888
1759928602008970000,2888.248969970703,2893
1759928604569936600,2890.8099365234375,2898
1759928607130902300,2893.37090234375,2904
1759928609691863300,2895.93186328125,2909
1759928612252822500,2898.4928225097656,2914
1759928614813779000,2901.053779052734,2919
1759928617374728200,2903.614728271484,2924
1759928619935673300,2906.175673339844,2929
1759928622496612000,2908.736612060547,2933
1759928625057548500,2911.2975485839843,2938
1759928627618474000,2913.858473876953,2943
1759928630179414800,2916.419414794922,2947
1759928632740367000,2918.9803671875,2952
1759928635301334000,2921.541333984375,2952
1759928637862315300,2924.102315185547,2952
1759928640423314400,2926.663314453125,2957
1759928642984333600,2929.2243334960935,2962
1759928645545367300,2931.7853671875,2967
1759928648106412000,2934.346412109375,2972
1759928650667461400,2936.907461425781,2977
1759928653228511000,2939.468510986328,2982
1759928655789560000,2942.0295600585937,2987
1759928658350609000,2944.5906088867187,2992
1759928660911648800,2947.151648681641,2997
1759928663472681700,2949.712681640625,3002
1759928666033706000,2952.2737060546874,3007
1759928668594724600,2954.834724609375,3012
1759928671155736800,2957.395736816406,3017
1759928673716740400,2959.956740234375,3022
1759928676277742000,2962.5177421875,3028
1759928678838741200,2965.0787412109376,3033
1759928681399737900,2967.639737792969,3038
1759928683960724700,2970.2007248535156,3042
1759928686521713700,2972.761713623047,3047
1759928689082698000,2975.322697998047,3052
1759928691643679200,2977.883679199219,3057
1759928694204655600,2980.444655517578,3062
1759928696765629000,2983.00562890625,3066
1759928699326602500,2985.5666025390624,3071
1759928701887563300,2988.127563232422,3076
1759928704448524500,2990.6885246582033,3081
1759928707009486300,2993.249486328125,3086
1759928709570462200,2995.8104621582033,3090
1759928712131433500,2998.37143359375,3095
1759928714692421400,3000.932421386719,3099
1759928717253419000,3003.4934189453124,3104
1759928719814425300,3006.054425292969,3108
1759928722375434000,3008.6154340820312,3112
1759928724936444000,3011.176443847656,3115
1759928727497445600,3013.7374455566405,3115
1759928730058454300,3016.2984543457032,3115
1759928732619464700,3018.8594645996095,3115
1759928735180469000,3021.4204689941407,3115
1759928737741477400,3023.9814772949217,3115
